{
    "trends": {
        "education_expenditure.total_gdp_percentage": {
            "slope": -0.0025645389468918795,
            "r_squared": 0.07778589301245921,
            "p_value": 0.11019678793412245,
            "trend_direction": "decreasing",
            "trend_significance": false,
            "cagr": 0.0007211196692507027,
            "total_change": 0.13129629629629758,
            "total_change_percentage": 2.4073068042917534
        },
        "education_participation.enrollment_rate_primary": {
            "slope": -0.0006183685595449773,
            "r_squared": 0.00549840693788514,
            "p_value": 0.6768434595591213,
            "trend_direction": "decreasing",
            "trend_significance": false,
            "cagr": 5.1290535851622465e-05,
            "total_change": 0.1666666666666714,
            "total_change_percentage": 0.16939422742117127
        },
        "education_participation.enrollment_rate_secondary": {
            "slope": -0.006168406756641985,
            "r_squared": 0.06597642286231534,
            "p_value": 0.14252782984905063,
            "trend_direction": "decreasing",
            "trend_significance": false,
            "cagr": 8.832237607214743e-05,
            "total_change": 0.274074074074079,
            "total_change_percentage": 0.29187003894888264
        },
        "education_participation.enrollment_rate_tertiary": {
            "slope": 0.0026148034971565162,
            "r_squared": 0.0016201610737930638,
            "p_value": 0.8211893734074939,
            "trend_direction": "increasing",
            "trend_significance": false,
            "cagr": 0.0005311087314219254,
            "total_change": 1.0953703703703752,
            "total_change_percentage": 1.7675975316389536
        },
        "education_participation.dropout_rate": {
            "slope": -0.008255241490535614,
            "r_squared": 0.11281225834956533,
            "p_value": 0.05213039825813851,
            "trend_direction": "decreasing",
            "trend_significance": false,
            "cagr": -0.0018491768098942707,
            "total_change": -0.6277777777777764,
            "total_change_percentage": -5.925019662675856
        },
        "education_quality.teacher_qualification_index": {
            "slope": 0.00013534504710975304,
            "r_squared": 0.03884936212620765,
            "p_value": 0.2638616043723911,
            "trend_direction": "increasing",
            "trend_significance": false,
            "cagr": 0.0005967870893091032,
            "total_change": 0.016018518518518432,
            "total_change_percentage": 1.9882772095161316
        },
        "education_quality.digital_learning_percentage": {
            "slope": 0.0035353535353535204,
            "r_squared": 0.002608281782830914,
            "p_value": 0.774232606440144,
            "trend_direction": "increasing",
            "trend_significance": false,
            "cagr": 8.70297387318697e-05,
            "total_change": 0.1296296296296262,
            "total_change_percentage": 0.2875924404272645
        }
    },
    "seasonality": {
        "education_expenditure.total_gdp_percentage": {
            "has_seasonality": false,
            "seasonal_strength": 0.0009858466495941132,
            "peak_quarter": 3,
            "trough_quarter": 1
        },
        "education_participation.enrollment_rate_primary": {
            "has_seasonality": false,
            "seasonal_strength": 0.0004352251428263454,
            "peak_quarter": 3,
            "trough_quarter": 1
        },
        "education_participation.enrollment_rate_secondary": {
            "has_seasonality": false,
            "seasonal_strength": 0.0006200821567230452,
            "peak_quarter": 3,
            "trough_quarter": 1
        },
        "education_participation.enrollment_rate_tertiary": {
            "has_seasonality": false,
            "seasonal_strength": 0.0005162002993832626,
            "peak_quarter": 2,
            "trough_quarter": 3
        },
        "education_participation.dropout_rate": {
            "has_seasonality": false,
            "seasonal_strength": 0.00035764801513704647,
            "peak_quarter": 3,
            "trough_quarter": 4
        },
        "education_quality.teacher_qualification_index": {
            "has_seasonality": false,
            "seasonal_strength": 0.0028193256923563226,
            "peak_quarter": 3,
            "trough_quarter": 1
        },
        "education_quality.digital_learning_percentage": {
            "has_seasonality": false,
            "seasonal_strength": 0.0013877735566584226,
            "peak_quarter": 4,
            "trough_quarter": 2
        }
    },
    "stationarity": {
        "education_expenditure.total_gdp_percentage": {
            "is_stationary": true,
            "adf_statistic": -61.04763735167736,
            "p_value": 0.0,
            "critical_values": {
                "1%": -3.4321325874394772,
                "5%": -2.862327648143656,
                "10%": -2.5671892768146547
            }
        },
        "education_participation.enrollment_rate_primary": {
            "is_stationary": true,
            "adf_statistic": -60.70323699509638,
            "p_value": 0.0,
            "critical_values": {
                "1%": -3.4321325874394772,
                "5%": -2.862327648143656,
                "10%": -2.5671892768146547
            }
        },
        "education_participation.enrollment_rate_secondary": {
            "is_stationary": true,
            "adf_statistic": -61.748224685816034,
            "p_value": 0.0,
            "critical_values": {
                "1%": -3.4321325874394772,
                "5%": -2.862327648143656,
                "10%": -2.5671892768146547
            }
        },
        "education_participation.enrollment_rate_tertiary": {
            "is_stationary": true,
            "adf_statistic": -60.52993150704151,
            "p_value": 0.0,
            "critical_values": {
                "1%": -3.4321325874394772,
                "5%": -2.862327648143656,
                "10%": -2.5671892768146547
            }
        },
        "education_participation.dropout_rate": {
            "is_stationary": true,
            "adf_statistic": -60.6438115154291,
            "p_value": 0.0,
            "critical_values": {
                "1%": -3.4321325874394772,
                "5%": -2.862327648143656,
                "10%": -2.5671892768146547
            }
        },
        "education_quality.teacher_qualification_index": {
            "is_stationary": true,
            "adf_statistic": -60.77663986638649,
            "p_value": 0.0,
            "critical_values": {
                "1%": -3.4321325874394772,
                "5%": -2.862327648143656,
                "10%": -2.5671892768146547
            }
        },
        "education_quality.digital_learning_percentage": {
            "is_stationary": true,
            "adf_statistic": -61.47495718068377,
            "p_value": 0.0,
            "critical_values": {
                "1%": -3.4321325874394772,
                "5%": -2.862327648143656,
                "10%": -2.5671892768146547
            }
        }
    },
    "volatility": {
        "education_expenditure.total_gdp_percentage": {
            "mean_volatility": 0.8189373597884301,
            "max_volatility": 1.6070469812671941,
            "min_volatility": 0.04991659710604156,
            "volatility_trend": -1.632061074290005e-05
        },
        "education_participation.enrollment_rate_primary": {
            "mean_volatility": 0.8117949466436591,
            "max_volatility": 1.590335394395366,
            "min_volatility": 0.05773502691768226,
            "volatility_trend": 5.557151026347184e-06
        },
        "education_participation.enrollment_rate_secondary": {
            "mean_volatility": 2.2039578813690097,
            "max_volatility": 4.282133424668785,